date,description,category,amount,type
2026-09-01,Salary,Income,50000,income
2026-09-02,Rent,Needs,15000,expense
2026-09-03,Groceries,Food,4500,expense
2026-09-04,Metro,Transport,1200,expense
2026-09-06,Streaming,Entertainment,799,expense
2026-09-08,Restaurant,Food,1100,expense
2026-09-10,Electricity,Utilities,1800,expense
2026-09-12,Online Shopping,Wants,2400,expense
2026-09-15,Phone Bill,Utilities,699,expense
2026-09-18,Duplicate Restaurant,Food,1100,expense
2026-09-20,Freelance,Income,8000,income
2026-09-21,Emergency Fund,Savings,3000,expense
